{
  "elbo": -1611.077392578125,
  "kl_loss": 18.00017738342285,
  "loss": 1533.82275390625,
  "reconstruction_loss": 1593.0780029296875,
  "regularizer": -59.255062103271484,
  "global_step": 10000,
  "elapsed_time": 211.46710085868835,
  "uuid": "0c25ddb1-3ee4-4046-ae04-faf98cc06257"
}